Widget number,Position X,Position Y,Width,Height,Table tag,List tag,Textbox tag,Widget class,Number of Elements,Number of Child Nodes,numberOfWordsTextNodes,numberOfTextNodes,links80percent,AverageWidth,AverageHeight,Average posX,Average posY,DeviationWidth, DeviationHeight, DeviationX, DeviationY
002,0,0,13,13,0,0,0,0,0,0,0,0,0,0.0,0.0,0.0,0.0,0.0,0.0,0.0,0.0,
002,511,0,1040,0,0,1,0,1,63,4,34,15,0,146.75,210.0,675.25,29.0,123.47300649669681,338.29671394600723,788.7100755875591,34.46737587922817,
002,0,0,45,50,0,0,0,0,3,3,0,0,0,0.0,0.0,0.0,0.0,0.0,0.0,0.0,0.0,
002,0,0,202,717,0,1,0,0,50,1,26,11,0,0.0,0.0,0.0,0.0,0.0,0.0,0.0,0.0,
002,1205,48,295,52,0,0,0,0,4,4,8,4,0,92.25,31.0,989.75,50.5,31.28764399354267,17.358955421722047,665.3757710246643,33.6699668349505,
002,1205,67,138,23,0,0,0,0,0,0,4,1,0,0.0,0.0,0.0,0.0,0.0,0.0,0.0,0.0,
002,1343,67,68,23,0,0,0,0,0,0,1,1,0,0.0,0.0,0.0,0.0,0.0,0.0,0.0,0.0,
002,0,0,36,50,0,0,0,0,0,0,0,0,0,0.0,0.0,0.0,0.0,0.0,0.0,0.0,0.0,
002,0,0,36,50,0,0,0,0,0,0,0,0,0,0.0,0.0,0.0,0.0,0.0,0.0,0.0,0.0,
002,0,0,13,13,0,0,0,0,0,0,0,0,0,0.0,0.0,0.0,0.0,0.0,0.0,0.0,0.0,
002,0,0,697,13,0,0,0,0,11,1,17,10,0,0.0,0.0,0.0,0.0,0.0,0.0,0.0,0.0,
002,0,0,1903,133,0,0,0,0,0,0,207,1,0,0.0,0.0,0.0,0.0,0.0,0.0,0.0,0.0,
002,0,0,1903,6156,0,0,0,0,0,0,6054,1,0,0.0,0.0,0.0,0.0,0.0,0.0,0.0,0.0,
002,0,0,87,62,0,1,0,0,4,2,23,7,0,0.0,0.0,0.0,0.0,0.0,0.0,0.0,0.0,
002,0,0,1903,3898,0,0,0,0,0,0,0,0,0,0.0,0.0,0.0,0.0,0.0,0.0,0.0,0.0,
002,0,0,0,0,0,0,0,0,0,0,0,0,0,0.0,0.0,0.0,0.0,0.0,0.0,0.0,0.0,
002,0,0,4,4,0,0,0,0,0,0,0,0,0,0.0,0.0,0.0,0.0,0.0,0.0,0.0,0.0,
003,1411,68,85,21,0,0,0,0,0,0,1,1,0,0.0,0.0,0.0,0.0,0.0,0.0,0.0,0.0,
003,0,0,78,57,0,0,0,0,0,0,2,1,0,0.0,0.0,0.0,0.0,0.0,0.0,0.0,0.0,
003,0,0,20,0,0,0,0,0,0,0,0,0,0,0.0,0.0,0.0,0.0,0.0,0.0,0.0,0.0,
004,1496,68,45,21,0,0,0,0,2,2,0,0,0,18.0,9.5,759.5,37.0,2.8284271247461903,13.435028842544403,1074.0952006223656,52.32590180780452,
005,1519,70,16,19,0,0,0,0,0,0,0,0,0,0.0,0.0,0.0,0.0,0.0,0.0,0.0,0.0,
006,511,8,620,39,0,0,0,0,0,0,0,0,0,0.0,0.0,0.0,0.0,0.0,0.0,0.0,0.0,
006,1085,8,46,39,0,0,0,0,2,1,1,1,0,16.0,17.0,1100.0,20.0,0.0,0.0,0.0,0.0,
006,1100,20,16,17,0,0,0,0,1,1,1,1,0,50.0,22.0,0.0,0.0,0.0,0.0,0.0,0.0,
007,0,0,50,22,0,0,0,0,0,0,1,1,0,0.0,0.0,0.0,0.0,0.0,0.0,0.0,0.0,
007,361,56,769,34,0,1,0,1,51,1,74,38,0,769.0,0.0,361.0,68.0,0.0,0.0,0.0,0.0,
007,361,68,769,0,0,1,0,1,50,1,74,38,0,769.0,0.0,361.0,68.0,0.0,0.0,0.0,0.0,
007,361,68,769,0,0,1,0,1,49,6,74,38,0,128.16666666666666,22.0,740.0,68.0,52.19355004851334,0.0,278.05035515172426,0.0,
007,361,68,150,22,0,1,0,1,38,2,63,33,0,162.5,307.0,356.0,83.5,112.42997820866105,391.7371567773473,7.0710678118654755,21.920310216782973,
007,351,99,242,584,0,1,0,0,36,2,60,30,0,242.0,328.0,175.5,49.5,0.0,362.03867196751236,248.19448019647817,70.0035713374682,
007,351,99,242,584,0,1,0,0,34,4,53,27,0,242.0,135.0,351.0,427.0,0.0,111.44505372604026,0.0,222.8901074520805,
007,361,68,83,30,0,0,0,0,0,0,1,1,0,0.0,0.0,0.0,0.0,0.0,0.0,0.0,0.0,
007,657,68,204,22,0,0,0,1,1,1,3,1,0,182.0,21.0,657.0,68.0,0.0,0.0,0.0,0.0,
007,657,68,182,21,0,0,0,0,0,0,3,1,0,0.0,0.0,0.0,0.0,0.0,0.0,0.0,0.0,
008,0,0,0,0,0,0,0,0,16,8,27,10,0,0.0,0.0,0.0,0.0,0.0,0.0,0.0,0.0,
008,0,0,0,0,0,0,0,0,1,1,3,1,0,0.0,0.0,0.0,0.0,0.0,0.0,0.0,0.0,
008,0,0,0,0,0,0,0,0,0,0,3,1,0,0.0,0.0,0.0,0.0,0.0,0.0,0.0,0.0,
008,0,0,0,0,0,1,0,0,43,2,297,63,0,0.0,0.0,0.0,0.0,0.0,0.0,0.0,0.0,
008,0,0,0,0,0,1,0,0,40,2,287,57,0,0.0,0.0,0.0,0.0,0.0,0.0,0.0,0.0,
008,0,0,0,0,0,1,0,0,28,3,195,36,0,0.0,0.0,0.0,0.0,0.0,0.0,0.0,0.0,
008,511,68,146,22,0,0,0,1,1,1,3,1,0,124.0,21.0,511.0,68.0,0.0,0.0,0.0,0.0,
008,511,68,124,21,0,0,0,0,0,0,3,1,0,0.0,0.0,0.0,0.0,0.0,0.0,0.0,0.0,
009,861,68,107,22,0,0,0,1,1,1,2,1,0,85.0,21.0,861.0,68.0,0.0,0.0,0.0,0.0,
009,861,68,85,21,0,0,0,0,0,0,2,1,0,0.0,0.0,0.0,0.0,0.0,0.0,0.0,0.0,
009,968,68,114,22,0,0,0,1,1,1,2,1,0,92.0,21.0,968.0,68.0,0.0,0.0,0.0,0.0,
009,968,68,92,21,0,0,0,0,0,0,2,1,0,0.0,0.0,0.0,0.0,0.0,0.0,0.0,0.0,
010,1082,68,48,22,0,0,0,1,1,1,1,1,0,48.0,21.0,1082.0,68.0,0.0,0.0,0.0,0.0,
010,1082,68,48,21,0,0,0,0,0,0,1,1,0,0.0,0.0,0.0,0.0,0.0,0.0,0.0,0.0,
011,1201,9,340,44,0,0,0,0,1,1,0,0,0,340.0,39.0,1201.0,9.0,0.0,0.0,0.0,0.0,
011,1201,9,340,39,0,0,0,0,0,0,0,0,0,0.0,0.0,0.0,0.0,0.0,0.0,0.0,0.0,
011,0,100,1903,3744,0,1,0,1,1056,1,578,209,0,1903.0,3744.0,0.0,100.0,0.0,0.0,0.0,0.0,
011,0,100,1903,3744,0,1,0,1,1055,1,578,209,0,1903.0,3744.0,0.0,100.0,0.0,0.0,0.0,0.0,
011,0,100,1903,3744,0,1,0,1,1054,10,578,209,0,1903.0,372.4,0.0,1643.8,0.0,105.08324742264529,0.0,1173.624944823137,
011,0,100,1903,338,0,1,0,0,12,1,3,3,0,1903.0,338.0,0.0,100.0,0.0,0.0,0.0,0.0,
011,0,100,1903,338,0,1,0,0,11,1,3,3,0,1903.0,338.0,0.0,100.0,0.0,0.0,0.0,0.0,
011,0,100,1903,338,0,1,0,0,10,4,3,3,0,971.5,124.5,465.75,241.5,1075.6035515002727,147.2446943016963,931.5,126.56618821786489,
011,0,229,40,80,0,0,0,0,0,0,0,0,0,0.0,0.0,0.0,0.0,0.0,0.0,0.0,0.0,
011,0,100,1903,338,0,0,0,0,0,0,0,0,0,0.0,0.0,0.0,0.0,0.0,0.0,0.0,0.0,
011,1863,229,40,80,0,0,0,0,0,0,0,0,0,0.0,0.0,0.0,0.0,0.0,0.0,0.0,0.0,
011,0,408,1903,0,0,0,0,0,6,3,3,3,0,20.0,20.0,941.0,408.0,0.0,0.0,20.0,0.0,
011,921,408,20,20,0,0,0,0,1,1,1,1,0,6.0,6.0,928.0,419.0,0.0,0.0,0.0,0.0,
011,928,419,6,6,0,0,0,0,0,0,1,1,0,0.0,0.0,0.0,0.0,0.0,0.0,0.0,0.0,
012,921,408,20,20,0,0,0,0,1,1,1,1,0,6.0,6.0,928.0,419.0,0.0,0.0,0.0,0.0,
012,941,408,20,20,0,0,0,0,1,1,1,1,0,6.0,6.0,948.0,419.0,0.0,0.0,0.0,0.0,
012,948,419,6,6,0,0,0,0,0,0,1,1,0,0.0,0.0,0.0,0.0,0.0,0.0,0.0,0.0,
012,961,408,20,20,0,0,0,0,1,1,1,1,0,10.0,10.0,966.0,417.0,0.0,0.0,0.0,0.0,
012,966,417,10,10,0,0,0,0,0,0,1,1,0,0.0,0.0,0.0,0.0,0.0,0.0,0.0,0.0,
012,0,438,1903,150,0,0,0,0,26,1,27,8,0,1903.0,150.0,0.0,438.0,0.0,0.0,0.0,0.0,
012,0,438,1903,150,0,0,0,0,25,1,27,8,0,1180.0,90.0,361.0,468.0,0.0,0.0,0.0,0.0,
012,361,468,1180,90,0,0,0,0,24,3,27,8,0,393.3333333333333,90.0,739.6666666666666,468.0,170.01568555087303,0.0,440.42857915141394,0.0,
012,361,468,274,90,0,0,0,0,3,1,7,2,0,274.0,90.0,361.0,468.0,0.0,0.0,0.0,0.0,
012,361,468,274,90,0,0,0,0,2,2,7,2,0,233.0,22.5,381.0,501.0,0.0,3.5355339059327378,0.0,16.97056274847714,
012,381,489,233,25,0,0,0,0,0,0,4,1,0,0.0,0.0,0.0,0.0,0.0,0.0,0.0,0.0,
012,381,513,233,20,0,0,0,0,0,0,3,1,0,0.0,0.0,0.0,0.0,0.0,0.0,0.0,0.0,
012,635,468,588,90,0,0,0,0,12,2,14,4,0,293.0,130.0,781.5,468.0,0.0,0.0,207.18228688765842,0.0,
012,635,468,293,130,0,0,0,0,5,3,7,2,0,167.33333333333334,33.0,676.3333333333334,496.6666666666667,106.56609842409233,18.35755975068582,36.95041722813605,14.153915830374762,
012,655,488,48,54,0,0,0,0,1,1,0,0,0,48.0,48.0,655.0,488.0,0.0,0.0,0.0,0.0,
012,655,488,48,48,0,0,0,0,0,0,0,0,0,0.0,0.0,0.0,0.0,0.0,0.0,0.0,0.0,
012,719,489,201,25,0,0,0,0,0,0,5,1,0,0.0,0.0,0.0,0.0,0.0,0.0,0.0,0.0,
012,655,513,253,20,0,0,0,0,1,1,2,1,0,53.0,20.0,719.0,513.0,0.0,0.0,0.0,0.0,
012,719,513,53,20,0,0,0,0,0,0,2,1,0,0.0,0.0,0.0,0.0,0.0,0.0,0.0,0.0,
012,928,468,293,130,0,0,0,0,5,3,7,2,0,169.0,33.0,969.3333333333334,496.6666666666667,107.39180601889512,18.35755975068582,36.95041722813605,14.153915830374762,
012,948,488,48,54,0,0,0,0,1,1,0,0,0,48.0,48.0,948.0,488.0,0.0,0.0,0.0,0.0,
012,948,488,48,48,0,0,0,0,0,0,0,0,0,0.0,0.0,0.0,0.0,0.0,0.0,0.0,0.0,
012,1012,489,206,25,0,0,0,0,0,0,5,1,0,0.0,0.0,0.0,0.0,0.0,0.0,0.0,0.0,
012,948,513,253,20,0,0,0,0,1,1,2,1,0,53.0,20.0,1012.0,513.0,0.0,0.0,0.0,0.0,
012,1012,513,53,20,0,0,0,0,0,0,2,1,0,0.0,0.0,0.0,0.0,0.0,0.0,0.0,0.0,
012,1223,468,318,90,0,0,0,0,6,1,6,2,0,318.0,130.0,1223.0,468.0,0.0,0.0,0.0,0.0,
012,1223,468,318,130,0,0,0,0,5,3,6,2,0,180.0,33.0,1264.3333333333333,496.6666666666667,118.7097300140136,18.35755975068582,36.950417228136054,14.153915830374762,
012,1243,488,48,54,0,0,0,0,1,1,0,0,0,48.0,48.0,1243.0,488.0,0.0,0.0,0.0,0.0,
012,1243,488,48,48,0,0,0,0,0,0,0,0,0,0.0,0.0,0.0,0.0,0.0,0.0,0.0,0.0,
012,1307,489,214,25,0,0,0,0,0,0,4,1,0,0.0,0.0,0.0,0.0,0.0,0.0,0.0,0.0,
012,1243,513,278,20,0,0,0,0,1,1,2,1,0,59.0,20.0,1307.0,513.0,0.0,0.0,0.0,0.0,
012,1307,513,59,20,0,0,0,0,0,0,2,1,0,0.0,0.0,0.0,0.0,0.0,0.0,0.0,0.0,
012,0,558,1903,427,0,0,0,0,306,1,229,99,0,1200.0,427.0,351.0,558.0,0.0,0.0,0.0,0.0,
012,351,558,1200,427,0,0,0,0,305,2,229,99,0,748.5,172.5,351.0,614.5,638.5174234114525,200.11121907579295,0.0,37.476659402887016,
012,351,588,297,31,0,0,0,0,2,2,5,2,0,136.5,25.0,473.5,593.0,108.18733752154178,8.48528137423857,161.92745289171938,7.0710678118654755,
012,359,588,213,31,0,0,0,0,0,0,3,1,0,0.0,0.0,0.0,0.0,0.0,0.0,0.0,0.0,
012,351,641,1200,314,0,0,0,0,301,1,224,97,0,1200.0,392.0,351.0,641.0,0.0,0.0,0.0,0.0,
012,351,641,1200,392,0,0,0,0,300,3,224,97,0,442.6666666666667,173.33333333333334,117.0,280.3333333333333,655.8699057994148,189.37088829419724,202.64994448555865,312.3464956315875,
012,351,641,1200,392,0,0,0,0,297,1,224,97,0,7200.0,330.0,351.0,641.0,0.0,0.0,0.0,0.0,
012,351,641,7200,330,0,0,0,0,296,20,224,97,0,240.0,165.5,2631.0,641.0,0.0,168.77343891800783,1419.8591479439078,0.0,
012,831,641,240,330,0,0,0,0,27,1,25,10,0,224.0,314.0,839.0,641.0,0.0,0.0,0.0,0.0,
012,839,641,224,314,0,0,0,0,26,1,25,10,0,224.0,314.0,839.0,641.0,0.0,0.0,0.0,0.0,
012,839,641,224,314,0,0,0,0,25,5,25,10,0,96.8,76.8,335.6,361.2,117.04358162667442,96.63953642272918,459.53922574683435,366.3259477569122,
012,839,641,224,224,0,0,0,0,2,2,0,0,0,112.0,112.0,419.5,370.5,158.39191898578665,158.39191898578665,593.2625894155134,382.54476862192223,
012,839,641,224,224,0,0,0,0,0,0,0,0,0,0.0,0.0,0.0,0.0,0.0,0.0,0.0,0.0,
013,921,408,20,20,0,0,0,0,1,1,1,1,0,6.0,6.0,928.0,419.0,0.0,0.0,0.0,0.0,
013,941,408,20,20,0,0,0,0,1,1,1,1,0,6.0,6.0,948.0,419.0,0.0,0.0,0.0,0.0,
013,961,408,20,20,0,0,0,0,1,1,1,1,0,6.0,6.0,968.0,419.0,0.0,0.0,0.0,0.0,
013,588,598,60,19,0,0,0,0,0,0,2,1,0,0.0,0.0,0.0,0.0,0.0,0.0,0.0,0.0,
013,327,761,64,64,0,0,0,0,0,0,0,0,0,0.0,0.0,0.0,0.0,0.0,0.0,0.0,0.0,
013,351,641,240,330,0,0,0,0,31,1,29,11,0,224.0,314.0,359.0,641.0,0.0,0.0,0.0,0.0,
013,359,641,224,314,0,0,0,0,30,1,29,11,0,224.0,314.0,359.0,641.0,0.0,0.0,0.0,0.0,
013,359,641,224,314,0,0,0,0,29,5,29,11,0,96.8,76.8,143.6,361.2,117.04358162667442,96.63953642272918,196.63239814435462,366.3259477569122,
013,359,641,224,224,0,0,0,0,2,2,0,0,0,112.0,112.0,179.5,370.5,158.39191898578665,158.39191898578665,253.85133444597056,382.54476862192223,
013,359,641,224,224,0,0,0,0,0,0,0,0,0,0.0,0.0,0.0,0.0,0.0,0.0,0.0,0.0,
013,359,865,224,124,0,0,0,0,20,3,29,11,0,129.33333333333334,39.0,432.3333333333333,891.6666666666666,80.82903768654761,5.196152422706632,85.44783984006462,45.61067126598043,
013,383,888,176,45,0,0,0,0,14,4,14,9,0,87.5,21.25,400.25,889.0,59.98055240381391,1.8929694486000912,33.83661724621222,19.200694431886223,
013,384,866,43,21,0,0,0,0,5,5,3,3,0,9.6,10.2,242.6,559.6,11.058933040759403,10.52140675005011,221.98828797934362,419.55547904895724,
013,383,888,68,24,0,0,0,0,5,5,4,4,0,17.2,12.8,249.6,572.8,16.813684902483452,12.132600710482482,229.12071054359097,431.6053753140709,
013,383,888,29,24,0,0,0,0,0,0,1,1,0,0.0,0.0,0.0,0.0,0.0,0.0,0.0,0.0,
013,414,888,37,24,0,0,0,0,0,0,1,1,0,0.0,0.0,0.0,0.0,0.0,0.0,0.0,0.0,
013,451,889,63,20,0,0,0,0,0,0,2,1,0,0.0,0.0,0.0,0.0,0.0,0.0,0.0,0.0,
013,383,913,176,20,0,0,0,0,0,0,5,1,0,0.0,0.0,0.0,0.0,0.0,0.0,0.0,0.0,
013,383,939,176,36,0,0,0,0,0,0,13,1,0,0.0,0.0,0.0,0.0,0.0,0.0,0.0,0.0,
013,591,641,240,330,0,0,0,0,31,1,24,11,0,224.0,314.0,599.0,641.0,0.0,0.0,0.0,0.0,
013,599,641,224,314,0,0,0,0,30,1,24,11,0,224.0,314.0,599.0,641.0,0.0,0.0,0.0,0.0,
013,599,641,224,314,0,0,0,0,29,5,24,11,0,96.8,76.8,239.6,361.2,117.04358162667442,96.63953642272918,328.08581194559446,366.3259477569122,
013,599,641,224,224,0,0,0,0,2,2,0,0,0,112.0,112.0,299.5,370.5,158.39191898578665,158.39191898578665,423.556961930742,382.54476862192223,
013,599,641,224,224,0,0,0,0,0,0,0,0,0,0.0,0.0,0.0,0.0,0.0,0.0,0.0,0.0,
013,599,865,224,124,0,0,0,0,20,3,24,11,0,129.33333333333334,39.0,672.3333333333334,891.6666666666666,80.82903768654761,5.196152422706632,85.44783984006462,45.61067126598043,
013,623,888,176,45,0,0,0,0,14,4,12,9,0,89.75,21.25,641.75,889.0,58.98234199035052,1.8929694486000912,36.83634980106832,19.200694431886223,
013,624,866,43,21,0,0,0,0,5,5,3,3,0,10.8,10.2,386.6,559.6,10.894952959971878,10.52140675005011,353.2460898580478,419.55547904895724,
013,623,888,74,24,0,0,0,0,5,5,4,4,0,18.4,12.8,394.8,572.8,18.689569283426515,12.132600710482482,361.35813260531444,431.6053753140709,
013,623,888,29,24,0,0,0,0,0,0,1,1,0,0.0,0.0,0.0,0.0,0.0,0.0,0.0,0.0,
013,654,888,43,24,0,0,0,0,0,0,1,1,0,0.0,0.0,0.0,0.0,0.0,0.0,0.0,0.0,
013,697,889,66,20,0,0,0,0,0,0,2,1,0,0.0,0.0,0.0,0.0,0.0,0.0,0.0,0.0,
013,623,913,176,20,0,0,0,0,0,0,3,1,0,0.0,0.0,0.0,0.0,0.0,0.0,0.0,0.0,
013,623,939,176,36,0,0,0,0,0,0,10,1,0,0.0,0.0,0.0,0.0,0.0,0.0,0.0,0.0,
013,0,100,0,0,0,0,0,0,0,0,0,0,0,0.0,0.0,0.0,0.0,0.0,0.0,0.0,0.0,
013,839,865,224,124,0,0,0,0,16,2,25,10,0,176.0,40.5,863.0,913.5,0.0,6.363961030678928,0.0,36.062445840513924,
013,863,888,176,45,0,0,0,0,14,4,14,9,0,93.25,21.25,883.25,889.0,56.423251708257055,1.8929694486000912,39.83612263595274,19.200694431886223,
013,864,866,51,21,0,0,0,0,5,5,3,3,0,12.4,10.2,532.2,559.6,13.722244714331545,10.52140675005011,486.174042910561,419.55547904895724,
013,863,888,80,24,0,0,0,0,5,5,4,4,0,19.8,12.8,540.0,572.8,20.7533129885327,12.132600710482482,493.77474621531627,431.6053753140709,
013,863,888,29,24,0,0,0,0,0,0,1,1,0,0.0,0.0,0.0,0.0,0.0,0.0,0.0,0.0,
013,894,888,49,24,0,0,0,0,0,0,1,1,0,0.0,0.0,0.0,0.0,0.0,0.0,0.0,0.0,
013,943,889,66,20,0,0,0,0,0,0,2,1,0,0.0,0.0,0.0,0.0,0.0,0.0,0.0,0.0,
013,863,913,176,20,0,0,0,0,0,0,5,1,0,0.0,0.0,0.0,0.0,0.0,0.0,0.0,0.0,
013,863,939,176,36,0,0,0,0,0,0,11,1,0,0.0,0.0,0.0,0.0,0.0,0.0,0.0,0.0,
013,0,100,36,36,0,0,0,0,2,1,0,0,0,0.0,0.0,0.0,100.0,0.0,0.0,0.0,0.0,
013,0,100,0,0,0,0,0,0,0,0,0,0,0,0.0,0.0,0.0,0.0,0.0,0.0,0.0,0.0,
013,0,100,0,0,0,0,0,0,0,0,0,0,0,0.0,0.0,0.0,0.0,0.0,0.0,0.0,0.0,
013,1071,641,240,330,0,0,0,0,20,1,17,6,0,224.0,314.0,1079.0,641.0,0.0,0.0,0.0,0.0,
013,1079,641,224,314,0,0,0,0,19,1,17,6,0,224.0,314.0,1079.0,641.0,0.0,0.0,0.0,0.0,
013,1079,641,224,314,0,0,0,0,18,5,17,6,0,96.8,76.8,431.6,361.2,117.04358162667442,96.63953642272918,590.9926395480742,366.3259477569122,
013,1079,641,224,224,0,0,0,0,2,2,0,0,0,112.0,112.0,539.5,370.5,158.39191898578665,158.39191898578665,762.9682169002848,382.54476862192223,
013,1079,641,224,224,0,0,0,0,0,0,0,0,0,0.0,0.0,0.0,0.0,0.0,0.0,0.0,0.0,
013,1079,865,224,124,0,0,0,0,9,2,17,6,0,176.0,40.5,1103.0,913.5,0.0,6.363961030678928,0.0,36.062445840513924,
013,1103,888,176,45,0,0,0,0,7,2,7,5,0,131.5,22.0,1103.0,900.5,62.932503525602726,2.8284271247461903,0.0,17.67766952966369,
013,1103,888,87,24,0,0,0,0,5,5,4,4,0,21.2,12.8,685.4,572.8,23.29592238998061,12.132600710482482,626.4581390643751,431.6053753140709,
013,1103,888,29,24,0,0,0,0,0,0,1,1,0,0.0,0.0,0.0,0.0,0.0,0.0,0.0,0.0,
013,1134,888,56,24,0,0,0,0,0,0,1,1,0,0.0,0.0,0.0,0.0,0.0,0.0,0.0,0.0,
013,1103,913,176,20,0,0,0,0,0,0,3,1,0,0.0,0.0,0.0,0.0,0.0,0.0,0.0,0.0,
013,1103,939,176,36,0,0,0,0,0,0,10,1,0,0.0,0.0,0.0,0.0,0.0,0.0,0.0,0.0,
013,1311,641,240,330,0,0,0,0,31,1,22,11,0,224.0,314.0,1319.0,641.0,0.0,0.0,0.0,0.0,
013,1319,641,224,314,0,0,0,0,30,1,22,11,0,224.0,314.0,1319.0,641.0,0.0,0.0,0.0,0.0,
013,1319,641,224,314,0,0,0,0,29,5,22,11,0,96.8,76.8,527.6,361.2,117.04358162667442,96.63953642272918,722.4460533493141,366.3259477569122,
013,1319,641,224,224,0,0,0,0,2,2,0,0,0,112.0,112.0,659.5,370.5,158.39191898578665,158.39191898578665,932.6738443850562,382.54476862192223,
013,1319,641,224,224,0,0,0,0,0,0,0,0,0,0.0,0.0,0.0,0.0,0.0,0.0,0.0,0.0,
013,1319,865,224,124,0,0,0,0,20,3,22,11,0,129.33333333333334,39.0,1392.3333333333333,891.6666666666666,80.82903768654761,5.196152422706632,85.44783984006462,45.61067126598043,
013,1343,888,176,45,0,0,0,0,14,4,14,9,0,89.75,21.25,1361.75,889.0,58.98234199035052,1.8929694486000912,36.83634980106832,19.200694431886223,
013,1344,866,43,21,0,0,0,0,5,5,3,3,0,10.8,10.2,818.6,559.6,10.894952959971878,10.52140675005011,747.4321373877364,419.55547904895724,
013,1343,888,74,24,0,0,0,0,5,5,4,4,0,18.4,12.8,826.8,572.8,18.689569283426515,12.132600710482482,755.2189748675545,431.6053753140709,
013,1343,888,29,24,0,0,0,0,0,0,1,1,0,0.0,0.0,0.0,0.0,0.0,0.0,0.0,0.0,
013,1374,888,43,24,0,0,0,0,0,0,1,1,0,0.0,0.0,0.0,0.0,0.0,0.0,0.0,0.0,
013,1417,889,66,20,0,0,0,0,0,0,2,1,0,0.0,0.0,0.0,0.0,0.0,0.0,0.0,0.0,
013,1343,913,176,20,0,0,0,0,0,0,5,1,0,0.0,0.0,0.0,0.0,0.0,0.0,0.0,0.0,
013,1343,939,176,36,0,0,0,0,0,0,6,1,0,0.0,0.0,0.0,0.0,0.0,0.0,0.0,0.0,
013,1511,761,64,64,0,0,0,0,0,0,0,0,0,0.0,0.0,0.0,0.0,0.0,0.0,0.0,0.0,
014,921,408,20,20,0,0,0,0,1,1,1,1,0,10.0,10.0,926.0,417.0,0.0,0.0,0.0,0.0,
014,941,408,20,20,0,0,0,0,1,1,1,1,0,6.0,6.0,948.0,419.0,0.0,0.0,0.0,0.0,
014,961,408,20,20,0,0,0,0,1,1,1,1,0,6.0,6.0,968.0,419.0,0.0,0.0,0.0,0.0,
014,0,1088,0,0,0,0,0,0,0,0,0,0,0,0.0,0.0,0.0,0.0,0.0,0.0,0.0,0.0,
014,0,1088,34,38,0,0,0,0,0,0,2,1,0,0.0,0.0,0.0,0.0,0.0,0.0,0.0,0.0,
014,0,1088,0,0,0,0,0,0,0,0,0,0,0,0.0,0.0,0.0,0.0,0.0,0.0,0.0,0.0,
014,0,1088,6,9,0,0,0,0,0,0,1,1,0,0.0,0.0,0.0,0.0,0.0,0.0,0.0,0.0,
014,0,1088,0,0,0,0,0,0,0,0,0,0,0,0.0,0.0,0.0,0.0,0.0,0.0,0.0,0.0,
014,0,1088,20,16,0,0,0,0,0,0,1,1,0,0.0,0.0,0.0,0.0,0.0,0.0,0.0,0.0,
014,0,1088,36,36,0,0,0,0,2,1,0,0,0,0.0,0.0,0.0,1088.0,0.0,0.0,0.0,0.0,
014,0,1088,0,0,0,0,0,0,0,0,0,0,0,0.0,0.0,0.0,0.0,0.0,0.0,0.0,0.0,
014,0,1088,0,0,0,0,0,0,0,0,0,0,0,0.0,0.0,0.0,0.0,0.0,0.0,0.0,0.0,
014,0,1088,0,0,0,0,0,0,0,0,0,0,0,0.0,0.0,0.0,0.0,0.0,0.0,0.0,0.0,
014,0,1088,34,38,0,0,0,0,0,0,2,1,0,0.0,0.0,0.0,0.0,0.0,0.0,0.0,0.0,
014,0,1088,0,0,0,0,0,0,0,0,0,0,0,0.0,0.0,0.0,0.0,0.0,0.0,0.0,0.0,
014,0,1088,12,9,0,0,0,0,0,0,1,1,0,0.0,0.0,0.0,0.0,0.0,0.0,0.0,0.0,
014,0,1088,0,0,0,0,0,0,0,0,0,0,0,0.0,0.0,0.0,0.0,0.0,0.0,0.0,0.0,
014,0,1088,20,16,0,0,0,0,0,0,1,1,0,0.0,0.0,0.0,0.0,0.0,0.0,0.0,0.0,
014,0,1088,36,36,0,0,0,0,2,1,0,0,0,0.0,0.0,0.0,1088.0,0.0,0.0,0.0,0.0,
014,0,1088,0,0,0,0,0,0,0,0,0,0,0,0.0,0.0,0.0,0.0,0.0,0.0,0.0,0.0,
014,0,1088,0,0,0,0,0,0,0,0,0,0,0,0.0,0.0,0.0,0.0,0.0,0.0,0.0,0.0,
014,0,1088,0,0,0,0,0,0,0,0,0,0,0,0.0,0.0,0.0,0.0,0.0,0.0,0.0,0.0,
014,0,1088,12,9,0,0,0,0,0,0,1,1,0,0.0,0.0,0.0,0.0,0.0,0.0,0.0,0.0,
014,0,1088,0,0,0,0,0,0,0,0,0,0,0,0.0,0.0,0.0,0.0,0.0,0.0,0.0,0.0,
014,0,1088,21,16,0,0,0,0,0,0,1,1,0,0.0,0.0,0.0,0.0,0.0,0.0,0.0,0.0,
014,0,1088,0,0,0,0,0,0,0,0,0,0,0,0.0,0.0,0.0,0.0,0.0,0.0,0.0,0.0,
014,0,1088,0,0,0,0,0,0,0,0,0,0,0,0.0,0.0,0.0,0.0,0.0,0.0,0.0,0.0,
014,0,1088,21,16,0,0,0,0,0,0,1,1,0,0.0,0.0,0.0,0.0,0.0,0.0,0.0,0.0,
014,0,1088,36,36,0,0,0,0,2,1,0,0,0,0.0,0.0,0.0,1088.0,0.0,0.0,0.0,0.0,
014,0,1088,0,0,0,0,0,0,0,0,0,0,0,0.0,0.0,0.0,0.0,0.0,0.0,0.0,0.0,
014,0,1088,0,0,0,0,0,0,0,0,0,0,0,0.0,0.0,0.0,0.0,0.0,0.0,0.0,0.0,
014,0,1088,0,0,0,0,0,0,0,0,0,0,0,0.0,0.0,0.0,0.0,0.0,0.0,0.0,0.0,
014,0,1088,34,38,0,0,0,0,0,0,2,1,0,0.0,0.0,0.0,0.0,0.0,0.0,0.0,0.0,
014,0,1088,0,0,0,0,0,0,0,0,0,0,0,0.0,0.0,0.0,0.0,0.0,0.0,0.0,0.0,
014,0,1088,12,9,0,0,0,0,0,0,1,1,0,0.0,0.0,0.0,0.0,0.0,0.0,0.0,0.0,
014,0,1088,0,0,0,0,0,0,0,0,0,0,0,0.0,0.0,0.0,0.0,0.0,0.0,0.0,0.0,
014,0,1088,20,16,0,0,0,0,0,0,1,1,0,0.0,0.0,0.0,0.0,0.0,0.0,0.0,0.0,
014,0,1088,36,36,0,0,0,0,2,1,0,0,0,0.0,0.0,0.0,1088.0,0.0,0.0,0.0,0.0,
014,0,1088,0,0,0,0,0,0,0,0,0,0,0,0.0,0.0,0.0,0.0,0.0,0.0,0.0,0.0,
014,0,1088,0,0,0,0,0,0,0,0,0,0,0,0.0,0.0,0.0,0.0,0.0,0.0,0.0,0.0,
014,0,985,1903,310,0,0,0,0,5,1,1,1,0,1180.0,310.0,361.0,985.0,0.0,0.0,0.0,0.0,
014,361,985,1180,310,0,0,0,0,4,2,1,1,0,625.5,135.0,180.5,1051.5,784.1814203358812,162.63455967290594,255.26554800834364,51.61879502661797,
014,361,1015,1180,250,0,0,0,0,2,1,0,0,0,1180.0,250.0,361.0,1015.0,0.0,0.0,0.0,0.0,
014,361,1015,1180,250,0,0,0,0,1,1,0,0,0,1180.0,250.0,361.0,1015.0,0.0,0.0,0.0,0.0,
014,361,1015,1180,250,0,0,0,0,0,0,0,0,0,0.0,0.0,0.0,0.0,0.0,0.0,0.0,0.0,
014,0,1295,1903,378,0,0,0,0,20,1,13,9,0,1200.0,378.0,351.0,1295.0,0.0,0.0,0.0,0.0,
014,351,1295,1200,378,0,0,0,0,19,2,13,9,0,652.5,148.0,351.0,1351.5,758.7255762131655,165.46298679765212,0.0,37.476659402887016,
014,351,1325,116,31,0,0,0,0,1,1,1,1,0,108.0,31.0,359.0,1325.0,0.0,0.0,0.0,0.0,
014,359,1325,108,31,0,0,0,0,0,0,1,1,0,0.0,0.0,0.0,0.0,0.0,0.0,0.0,0.0,
014,351,1378,1189,265,0,0,0,0,16,2,12,8,0,582.0,250.0,659.5,1378.0,0.0,0.0,422.14274836836887,0.0,
014,361,1378,582,250,0,0,0,0,7,2,6,4,0,275.0,250.0,522.0,1378.0,21.213203435596427,0.0,227.6883835420683,0.0,
014,683,1378,260,250,0,0,0,0,4,4,6,4,0,222.25,29.25,683.0,1478.0,75.5,11.5,0.0,47.33568069296845,
014,683,1430,260,12,0,0,0,0,0,0,2,1,0,0.0,0.0,0.0,0.0,0.0,0.0,0.0,0.0,
014,683,1454,260,35,0,0,0,0,0,0,1,1,0,0.0,0.0,0.0,0.0,0.0,0.0,0.0,0.0,
014,683,1489,260,35,0,0,0,0,0,0,1,1,0,0.0,0.0,0.0,0.0,0.0,0.0,0.0,0.0,
014,683,1539,109,35,0,0,0,0,0,0,2,1,0,0.0,0.0,0.0,0.0,0.0,0.0,0.0,0.0,
014,361,1378,290,250,0,0,0,0,1,1,0,0,0,290.0,250.0,361.0,1378.0,0.0,0.0,0.0,0.0,
014,361,1378,290,250,0,0,0,0,0,0,0,0,0,0.0,0.0,0.0,0.0,0.0,0.0,0.0,0.0,
014,958,1378,582,250,0,0,0,0,7,2,6,4,0,275.0,250.0,1119.0,1378.0,21.213203435596427,0.0,227.6883835420683,0.0,
014,1280,1378,260,250,0,0,0,0,4,4,6,4,0,222.25,29.25,1280.0,1478.0,75.5,11.5,0.0,47.33568069296845,
014,1280,1430,260,12,0,0,0,0,0,0,1,1,0,0.0,0.0,0.0,0.0,0.0,0.0,0.0,0.0,
014,1280,1454,260,35,0,0,0,0,0,0,2,1,0,0.0,0.0,0.0,0.0,0.0,0.0,0.0,0.0,
014,1280,1489,260,35,0,0,0,0,0,0,1,1,0,0.0,0.0,0.0,0.0,0.0,0.0,0.0,0.0,
014,1280,1539,109,35,0,0,0,0,0,0,2,1,0,0.0,0.0,0.0,0.0,0.0,0.0,0.0,0.0,
014,958,1378,290,250,0,0,0,0,1,1,0,0,0,290.0,250.0,958.0,1378.0,0.0,0.0,0.0,0.0,
014,958,1378,290,250,0,0,0,0,0,0,0,0,0,0.0,0.0,0.0,0.0,0.0,0.0,0.0,0.0,
014,0,1673,1903,495,0,0,0,0,150,1,33,18,0,1200.0,495.0,351.0,1673.0,0.0,0.0,0.0,0.0,
014,351,1673,1200,495,0,0,0,0,149,2,33,18,0,810.5,186.5,351.0,1729.5,550.8361825443205,219.9102089490163,0.0,37.476659402887016,
014,351,1703,421,31,0,0,0,0,2,2,7,2,0,198.5,25.0,533.0,1708.0,188.79751057680818,8.48528137423857,246.07315985291854,7.0710678118654755,
014,359,1703,332,31,0,0,0,0,0,0,5,1,0,0.0,0.0,0.0,0.0,0.0,0.0,0.0,0.0,
014,707,1713,65,19,0,0,0,0,0,0,2,1,0,0.0,0.0,0.0,0.0,0.0,0.0,0.0,0.0,
014,351,1756,1200,342,0,0,0,0,145,1,26,16,0,1200.0,356.0,351.0,1756.0,0.0,0.0,0.0,0.0,
014,351,1756,1200,356,0,0,0,0,144,3,26,16,0,442.6666666666667,161.33333333333334,729.6666666666666,1849.3333333333333,655.8699057994148,168.58627860337074,676.7609129769046,80.82903768654761,
014,351,1756,1200,356,0,0,0,0,141,1,26,16,0,6000.0,360.0,351.0,1756.0,0.0,0.0,0.0,0.0,
014,351,1756,6000,360,0,0,0,0,140,12,26,16,0,300.0,240.33333333333334,2001.0,1756.0,0.0,176.7593810463218,1081.6653826391969,0.0,
014,351,1756,300,360,0,0,0,0,16,1,3,2,0,284.0,340.0,359.0,1756.0,0.0,0.0,0.0,0.0,
014,359,1756,284,340,0,0,0,0,15,5,3,2,0,243.2,61.2,379.4,1897.2,91.23157348199142,31.15605880081754,45.61578674099571,118.05380129415572,
014,359,1756,284,95,0,0,0,0,1,1,0,0,0,390.0,95.0,306.0,1756.0,0.0,0.0,0.0,0.0,
014,306,1756,390,95,0,0,0,0,0,0,0,0,0,0.0,0.0,0.0,0.0,0.0,0.0,0.0,0.0,
014,461,1811,80,80,0,0,0,0,1,1,0,0,0,80.0,80.0,461.0,1811.0,0.0,0.0,0.0,0.0,
014,461,1811,80,80,0,0,0,0,0,0,0,0,0,0.0,0.0,0.0,0.0,0.0,0.0,0.0,0.0,
014,359,1907,284,35,0,0,0,0,1,1,1,1,0,284.0,35.0,359.0,1907.0,0.0,0.0,0.0,0.0,
014,359,1907,284,35,0,0,0,0,0,0,1,1,0,0.0,0.0,0.0,0.0,0.0,0.0,0.0,0.0,
014,359,1958,284,74,0,0,0,0,6,3,0,0,0,70.0,70.0,466.0,1961.0,0.0,0.0,76.0,0.0,
014,390,1961,70,70,0,0,0,0,1,1,0,0,0,70.0,70.0,391.0,1962.0,0.0,0.0,0.0,0.0,
014,391,1962,70,70,0,0,0,0,0,0,0,0,0,0.0,0.0,0.0,0.0,0.0,0.0,0.0,0.0,
014,466,1961,70,70,0,0,0,0,1,1,0,0,0,70.0,70.0,467.0,1962.0,0.0,0.0,0.0,0.0,
014,467,1962,70,70,0,0,0,0,0,0,0,0,0,0.0,0.0,0.0,0.0,0.0,0.0,0.0,0.0,
014,542,1961,70,70,0,0,0,0,1,1,0,0,0,70.0,70.0,543.0,1962.0,0.0,0.0,0.0,0.0,
014,543,1962,70,70,0,0,0,0,0,0,0,0,0,0.0,0.0,0.0,0.0,0.0,0.0,0.0,0.0,
014,359,2054,284,22,0,0,0,0,1,1,2,1,0,50.0,22.0,476.0,2054.0,0.0,0.0,0.0,0.0,
014,476,2054,50,22,0,0,0,0,0,0,2,1,0,0.0,0.0,0.0,0.0,0.0,0.0,0.0,0.0,
014,651,1756,300,360,0,0,0,0,16,1,4,2,0,284.0,340.0,659.0,1756.0,0.0,0.0,0.0,0.0,
014,659,1756,284,340,0,0,0,0,15,5,4,2,0,243.2,61.2,679.4,1897.2,91.23157348199142,31.15605880081754,45.61578674099571,118.05380129415572,
014,659,1756,284,95,0,0,0,0,1,1,0,0,0,390.0,95.0,606.0,1756.0,0.0,0.0,0.0,0.0,
014,606,1756,390,95,0,0,0,0,0,0,0,0,0,0.0,0.0,0.0,0.0,0.0,0.0,0.0,0.0,
014,761,1811,80,80,0,0,0,0,1,1,0,0,0,80.0,80.0,761.0,1811.0,0.0,0.0,0.0,0.0,
014,761,1811,80,80,0,0,0,0,0,0,0,0,0,0.0,0.0,0.0,0.0,0.0,0.0,0.0,0.0,
014,659,1907,284,35,0,0,0,0,1,1,2,1,0,284.0,35.0,659.0,1907.0,0.0,0.0,0.0,0.0,
014,659,1907,284,35,0,0,0,0,0,0,2,1,0,0.0,0.0,0.0,0.0,0.0,0.0,0.0,0.0,
014,659,1958,284,74,0,0,0,0,6,3,0,0,0,70.0,70.0,766.0,1961.0,0.0,0.0,76.0,0.0,
014,690,1961,70,70,0,0,0,0,1,1,0,0,0,70.0,70.0,691.0,1962.0,0.0,0.0,0.0,0.0,
014,691,1962,70,70,0,0,0,0,0,0,0,0,0,0.0,0.0,0.0,0.0,0.0,0.0,0.0,0.0,
014,766,1961,70,70,0,0,0,0,1,1,0,0,0,70.0,70.0,767.0,1962.0,0.0,0.0,0.0,0.0,
014,767,1962,70,70,0,0,0,0,0,0,0,0,0,0.0,0.0,0.0,0.0,0.0,0.0,0.0,0.0,
014,842,1961,70,70,0,0,0,0,1,1,0,0,0,70.0,70.0,843.0,1962.0,0.0,0.0,0.0,0.0,
014,843,1962,70,70,0,0,0,0,0,0,0,0,0,0.0,0.0,0.0,0.0,0.0,0.0,0.0,0.0,
014,659,2054,284,22,0,0,0,0,1,1,2,1,0,50.0,22.0,776.0,2054.0,0.0,0.0,0.0,0.0,
014,776,2054,50,22,0,0,0,0,0,0,2,1,0,0.0,0.0,0.0,0.0,0.0,0.0,0.0,0.0,
014,951,1756,300,360,0,0,0,0,16,1,3,2,0,284.0,340.0,959.0,1756.0,0.0,0.0,0.0,0.0,
014,959,1756,284,340,0,0,0,0,15,5,3,2,0,243.2,61.2,979.4,1897.2,91.23157348199142,31.15605880081754,45.61578674099571,118.05380129415572,
014,959,1756,284,95,0,0,0,0,1,1,0,0,0,390.0,95.0,906.0,1756.0,0.0,0.0,0.0,0.0,
014,906,1756,390,95,0,0,0,0,0,0,0,0,0,0.0,0.0,0.0,0.0,0.0,0.0,0.0,0.0,
014,1061,1811,80,80,0,0,0,0,1,1,0,0,0,80.0,80.0,1061.0,1811.0,0.0,0.0,0.0,0.0,
014,1061,1811,80,80,0,0,0,0,0,0,0,0,0,0.0,0.0,0.0,0.0,0.0,0.0,0.0,0.0,
014,959,1907,284,35,0,0,0,0,1,1,1,1,0,284.0,35.0,959.0,1907.0,0.0,0.0,0.0,0.0,
014,959,1907,284,35,0,0,0,0,0,0,1,1,0,0.0,0.0,0.0,0.0,0.0,0.0,0.0,0.0,
014,959,1958,284,74,0,0,0,0,6,3,0,0,0,70.0,70.0,1066.0,1961.0,0.0,0.0,76.0,0.0,
014,990,1961,70,70,0,0,0,0,1,1,0,0,0,70.0,70.0,991.0,1962.0,0.0,0.0,0.0,0.0,
014,991,1962,70,70,0,0,0,0,0,0,0,0,0,0.0,0.0,0.0,0.0,0.0,0.0,0.0,0.0,
014,1066,1961,70,70,0,0,0,0,1,1,0,0,0,70.0,70.0,1067.0,1962.0,0.0,0.0,0.0,0.0,
014,1067,1962,70,70,0,0,0,0,0,0,0,0,0,0.0,0.0,0.0,0.0,0.0,0.0,0.0,0.0,
014,1142,1961,70,70,0,0,0,0,1,1,0,0,0,70.0,70.0,1143.0,1962.0,0.0,0.0,0.0,0.0,
014,1143,1962,70,70,0,0,0,0,0,0,0,0,0,0.0,0.0,0.0,0.0,0.0,0.0,0.0,0.0,
014,959,2054,284,22,0,0,0,0,1,1,2,1,0,50.0,22.0,1076.0,2054.0,0.0,0.0,0.0,0.0,
014,1076,2054,50,22,0,0,0,0,0,0,2,1,0,0.0,0.0,0.0,0.0,0.0,0.0,0.0,0.0,
014,1251,1756,300,360,0,0,0,0,16,1,3,2,0,284.0,340.0,1259.0,1756.0,0.0,0.0,0.0,0.0,
014,1259,1756,284,340,0,0,0,0,15,5,3,2,0,243.2,61.2,1279.4,1897.2,91.23157348199142,31.15605880081754,45.61578674099571,118.05380129415572,
014,1259,1756,284,95,0,0,0,0,1,1,0,0,0,390.0,95.0,1206.0,1756.0,0.0,0.0,0.0,0.0,
014,1206,1756,390,95,0,0,0,0,0,0,0,0,0,0.0,0.0,0.0,0.0,0.0,0.0,0.0,0.0,
014,1361,1811,80,80,0,0,0,0,1,1,0,0,0,80.0,80.0,1361.0,1811.0,0.0,0.0,0.0,0.0,
014,1361,1811,80,80,0,0,0,0,0,0,0,0,0,0.0,0.0,0.0,0.0,0.0,0.0,0.0,0.0,
014,1259,1907,284,35,0,0,0,0,1,1,1,1,0,284.0,35.0,1259.0,1907.0,0.0,0.0,0.0,0.0,
014,1259,1907,284,35,0,0,0,0,0,0,1,1,0,0.0,0.0,0.0,0.0,0.0,0.0,0.0,0.0,
014,1259,1958,284,74,0,0,0,0,6,3,0,0,0,70.0,70.0,1366.0,1961.0,0.0,0.0,76.0,0.0,
014,1290,1961,70,70,0,0,0,0,1,1,0,0,0,70.0,70.0,1291.0,1962.0,0.0,0.0,0.0,0.0,
014,1291,1962,70,70,0,0,0,0,0,0,0,0,0,0.0,0.0,0.0,0.0,0.0,0.0,0.0,0.0,
014,1366,1961,70,70,0,0,0,0,1,1,0,0,0,70.0,70.0,1367.0,1962.0,0.0,0.0,0.0,0.0,
014,1367,1962,70,70,0,0,0,0,0,0,0,0,0,0.0,0.0,0.0,0.0,0.0,0.0,0.0,0.0,
014,1442,1961,70,70,0,0,0,0,1,1,0,0,0,70.0,70.0,1443.0,1962.0,0.0,0.0,0.0,0.0,
014,1443,1962,70,70,0,0,0,0,0,0,0,0,0,0.0,0.0,0.0,0.0,0.0,0.0,0.0,0.0,
014,1259,2054,284,22,0,0,0,0,1,1,2,1,0,50.0,22.0,1376.0,2054.0,0.0,0.0,0.0,0.0,
014,1376,2054,50,22,0,0,0,0,0,0,2,1,0,0.0,0.0,0.0,0.0,0.0,0.0,0.0,0.0,
014,1511,1896,64,64,0,0,0,0,0,0,0,0,0,0.0,0.0,0.0,0.0,0.0,0.0,0.0,0.0,
014,361,2281,290,250,0,0,0,0,0,0,0,0,0,0.0,0.0,0.0,0.0,0.0,0.0,0.0,0.0,
014,958,2281,290,250,0,0,0,0,0,0,0,0,0,0.0,0.0,0.0,0.0,0.0,0.0,0.0,0.0,
015,921,408,20,20,0,0,0,0,1,1,1,1,0,10.0,10.0,926.0,417.0,0.0,0.0,0.0,0.0,
015,941,408,20,20,0,0,0,0,1,1,1,1,0,6.0,6.0,948.0,419.0,0.0,0.0,0.0,0.0,
015,961,408,20,20,0,0,0,0,1,1,1,1,0,6.0,6.0,968.0,419.0,0.0,0.0,0.0,0.0,
015,0,1496,71,20,0,0,0,0,0,0,1,1,0,0.0,0.0,0.0,0.0,0.0,0.0,0.0,0.0,
015,0,2198,1903,378,0,0,0,0,20,1,18,9,0,1200.0,378.0,351.0,2198.0,0.0,0.0,0.0,0.0,
015,351,2198,1200,378,0,0,0,0,19,2,18,9,0,735.5,148.0,351.0,2254.5,641.3458505361986,165.46298679765212,0.0,37.476659402887016,
015,351,2281,1189,265,0,0,0,0,16,2,14,8,0,582.0,250.0,659.5,2281.0,0.0,0.0,422.14274836836887,0.0,
015,361,2281,290,250,0,0,0,0,0,0,0,0,0,0.0,0.0,0.0,0.0,0.0,0.0,0.0,0.0,
015,958,2281,290,250,0,0,0,0,0,0,0,0,0,0.0,0.0,0.0,0.0,0.0,0.0,0.0,0.0,
015,359,2659,383,281,0,0,0,0,0,0,0,0,0,0.0,0.0,0.0,0.0,0.0,0.0,0.0,0.0,
015,758,2659,184,184,0,0,0,0,0,0,0,0,0,0.0,0.0,0.0,0.0,0.0,0.0,0.0,0.0,
015,958,2659,184,184,0,0,0,0,0,0,0,0,0,0.0,0.0,0.0,0.0,0.0,0.0,0.0,0.0,
015,1158,2659,184,184,0,0,0,0,0,0,0,0,0,0.0,0.0,0.0,0.0,0.0,0.0,0.0,0.0,
015,1358,2659,184,184,0,0,0,0,0,0,0,0,0,0.0,0.0,0.0,0.0,0.0,0.0,0.0,0.0,
015,758,2859,184,184,0,0,0,0,0,0,0,0,0,0.0,0.0,0.0,0.0,0.0,0.0,0.0,0.0,
015,958,2859,184,184,0,0,0,0,0,0,0,0,0,0.0,0.0,0.0,0.0,0.0,0.0,0.0,0.0,
015,1158,2859,184,184,0,0,0,0,0,0,0,0,0,0.0,0.0,0.0,0.0,0.0,0.0,0.0,0.0,
015,1358,2859,184,184,0,0,0,0,0,0,0,0,0,0.0,0.0,0.0,0.0,0.0,0.0,0.0,0.0,
016,921,408,20,20,0,0,0,0,1,1,1,1,0,6.0,6.0,928.0,419.0,0.0,0.0,0.0,0.0,
016,941,408,20,20,0,0,0,0,1,1,1,1,0,6.0,6.0,948.0,419.0,0.0,0.0,0.0,0.0,
016,961,408,20,20,0,0,0,0,1,1,1,1,0,10.0,10.0,966.0,417.0,0.0,0.0,0.0,0.0,
016,351,2228,282,31,0,0,0,0,1,1,4,1,0,274.0,31.0,359.0,2228.0,0.0,0.0,0.0,0.0,
016,359,2228,274,31,0,0,0,0,0,0,4,1,0,0.0,0.0,0.0,0.0,0.0,0.0,0.0,0.0,
016,361,2281,582,250,0,0,0,0,7,2,7,4,0,275.0,250.0,522.0,2281.0,21.213203435596427,0.0,227.6883835420683,0.0,
016,683,2281,260,250,0,0,0,0,4,4,7,4,0,222.25,29.25,683.0,2381.0,75.5,11.5,0.0,47.33568069296845,
016,683,2333,260,12,0,0,0,0,0,0,1,1,0,0.0,0.0,0.0,0.0,0.0,0.0,0.0,0.0,
016,683,2357,260,35,0,0,0,0,0,0,2,1,0,0.0,0.0,0.0,0.0,0.0,0.0,0.0,0.0,
016,683,2392,260,35,0,0,0,0,0,0,2,1,0,0.0,0.0,0.0,0.0,0.0,0.0,0.0,0.0,
016,683,2442,109,35,0,0,0,0,0,0,2,1,0,0.0,0.0,0.0,0.0,0.0,0.0,0.0,0.0,
016,361,2281,290,250,0,0,0,0,1,1,0,0,0,290.0,250.0,361.0,2281.0,0.0,0.0,0.0,0.0,
016,958,2281,582,250,0,0,0,0,7,2,7,4,0,275.0,250.0,1119.0,2281.0,21.213203435596427,0.0,227.6883835420683,0.0,
016,1280,2281,260,250,0,0,0,0,4,4,7,4,0,222.25,29.25,1280.0,2381.0,75.5,11.5,0.0,47.33568069296845,
016,1280,2333,260,12,0,0,0,0,0,0,2,1,0,0.0,0.0,0.0,0.0,0.0,0.0,0.0,0.0,
016,1280,2357,260,35,0,0,0,0,0,0,2,1,0,0.0,0.0,0.0,0.0,0.0,0.0,0.0,0.0,
016,1280,2392,260,35,0,0,0,0,0,0,1,1,0,0.0,0.0,0.0,0.0,0.0,0.0,0.0,0.0,
016,1280,2442,109,35,0,0,0,0,0,0,2,1,0,0.0,0.0,0.0,0.0,0.0,0.0,0.0,0.0,
016,958,2281,290,250,0,0,0,0,1,1,0,0,0,290.0,250.0,958.0,2281.0,0.0,0.0,0.0,0.0,
016,0,2576,1903,495,0,1,0,1,86,1,88,18,0,1200.0,495.0,351.0,2576.0,0.0,0.0,0.0,0.0,
016,351,2576,1200,495,0,1,0,1,85,2,88,18,0,792.5,206.5,355.0,2632.5,576.2920266670362,248.19448019647817,5.656854249492381,37.476659402887016,
016,351,2606,385,31,0,1,0,1,20,1,17,8,0,377.0,31.0,359.0,2606.0,0.0,0.0,0.0,0.0,
016,359,2606,377,31,0,1,0,1,19,2,17,8,0,188.5,34.0,418.5,2604.5,98.2878425849301,4.242640687119285,84.14570696119915,2.1213203435596424,
016,359,2603,119,37,0,0,0,0,0,0,3,2,0,0.0,0.0,0.0,0.0,0.0,0.0,0.0,0.0,
016,478,2606,258,31,0,1,0,1,17,2,14,6,0,260.5,14.0,418.5,2630.0,4.949747468305833,19.79898987322333,84.14570696119915,32.526911934581186,
016,478,2607,257,28,0,0,0,1,3,1,3,1,0,14.0,28.0,722.0,2607.0,0.0,0.0,0.0,0.0,
016,359,2659,1200,382,0,0,0,0,63,2,71,10,0,591.5,386.0,554.5,2655.0,294.8635277547903,5.656854249492381,276.4787514439401,5.656854249492381,
016,359,2659,383,382,0,0,0,0,5,1,4,2,0,383.0,382.0,359.0,2659.0,0.0,0.0,0.0,0.0,
016,359,2659,383,382,0,0,0,0,4,2,4,2,0,383.0,190.0,359.0,2799.5,0.0,128.69343417595164,0.0,201.52543263816605,
016,359,2657,383,281,0,0,0,0,0,0,0,0,0,0.0,0.0,0.0,0.0,0.0,0.0,0.0,0.0,
016,359,2942,383,99,0,0,0,0,2,2,4,2,0,358.0,29.5,384.0,2971.0,0.0,16.263455967290593,0.0,12.727922061357855,
016,384,2980,358,41,0,0,0,0,0,0,3,1,0,0.0,0.0,0.0,0.0,0.0,0.0,0.0,0.0,
016,750,2651,800,390,0,0,0,0,56,8,67,8,0,184.0,184.0,1058.0,2759.0,0.0,0.0,239.04572186687872,106.90449676496975,
016,758,2659,184,184,0,0,0,0,0,0,0,0,0,0.0,0.0,0.0,0.0,0.0,0.0,0.0,0.0,
016,958,2659,184,184,0,0,0,0,0,0,0,0,0,0.0,0.0,0.0,0.0,0.0,0.0,0.0,0.0,
016,1158,2659,184,184,0,0,0,0,0,0,0,0,0,0.0,0.0,0.0,0.0,0.0,0.0,0.0,0.0,
016,1358,2659,184,184,0,0,0,0,0,0,0,0,0,0.0,0.0,0.0,0.0,0.0,0.0,0.0,0.0,
016,758,2859,184,184,0,0,0,0,0,0,0,0,0,0.0,0.0,0.0,0.0,0.0,0.0,0.0,0.0,
016,958,2859,184,184,0,0,0,0,0,0,0,0,0,0.0,0.0,0.0,0.0,0.0,0.0,0.0,0.0,
016,1158,2859,184,184,0,0,0,0,0,0,0,0,0,0.0,0.0,0.0,0.0,0.0,0.0,0.0,0.0,
016,1358,2859,184,184,0,0,0,0,0,0,0,0,0,0.0,0.0,0.0,0.0,0.0,0.0,0.0,0.0,
017,921,408,20,20,0,0,0,0,1,1,1,1,0,6.0,6.0,928.0,419.0,0.0,0.0,0.0,0.0,
017,941,408,20,20,0,0,0,0,1,1,1,1,0,6.0,6.0,948.0,419.0,0.0,0.0,0.0,0.0,
017,961,408,20,20,0,0,0,0,1,1,1,1,0,6.0,6.0,968.0,419.0,0.0,0.0,0.0,0.0,
017,384,2962,358,18,0,0,0,0,0,0,1,1,0,0.0,0.0,0.0,0.0,0.0,0.0,0.0,0.0,
017,758,2659,184,184,0,0,0,0,6,1,9,1,0,184.0,184.0,758.0,2659.0,0.0,0.0,0.0,0.0,
017,758,2659,184,184,0,0,0,0,5,4,9,1,0,133.75,69.25,189.5,2497.75,168.82017059581477,88.17170748034769,379.0,107.5,
017,958,2659,184,184,0,0,0,0,6,1,7,1,0,184.0,184.0,958.0,2659.0,0.0,0.0,0.0,0.0,
017,958,2659,184,184,0,0,0,0,5,4,7,1,0,127.25,69.25,239.5,2497.75,157.80869219828588,88.17170748034769,479.0,107.5,
017,1158,2659,184,184,0,0,0,0,6,1,9,1,0,184.0,184.0,1158.0,2659.0,0.0,0.0,0.0,0.0,
017,1158,2659,184,184,0,0,0,0,5,4,9,1,0,98.25,73.5,289.5,2497.75,113.90749170562341,90.08699499187807,579.0,107.5,
017,1358,2659,184,184,0,0,0,0,6,1,9,1,0,184.0,184.0,1358.0,2659.0,0.0,0.0,0.0,0.0,
017,1358,2659,184,184,0,0,0,0,5,4,9,1,0,71.75,73.5,339.5,2497.75,89.20528758618143,90.08699499187807,679.0,107.5,
017,758,2859,184,184,0,0,0,0,6,1,8,1,0,184.0,184.0,758.0,2859.0,0.0,0.0,0.0,0.0,
017,758,2859,184,184,0,0,0,0,5,4,8,1,0,135.0,69.25,189.5,2547.75,170.96978290524518,88.17170748034769,379.0,207.5,
017,958,2859,184,184,0,0,0,0,6,1,9,1,0,184.0,184.0,958.0,2859.0,0.0,0.0,0.0,0.0,
017,958,2859,184,184,0,0,0,0,5,4,9,1,0,140.0,69.25,239.5,2547.75,179.65893613548238,88.17170748034769,479.0,207.5,
017,1158,2859,184,184,0,0,0,0,6,1,9,1,0,184.0,184.0,1158.0,2859.0,0.0,0.0,0.0,0.0,
017,1158,2859,184,184,0,0,0,0,5,4,9,1,0,98.25,73.5,289.5,2547.75,113.90749170562341,90.08699499187807,579.0,207.5,
017,1358,2859,184,184,0,0,0,0,6,1,7,1,0,184.0,184.0,1358.0,2859.0,0.0,0.0,0.0,0.0,
017,1358,2859,184,184,0,0,0,0,5,4,7,1,0,73.75,73.5,339.5,2547.75,90.22333401066489,90.08699499187807,679.0,207.5,
017,0,3071,1903,453,0,1,0,0,400,2,78,35,0,753.0,301.5,174.0,2757.5,640.638743755012,214.2533546995239,246.07315985291854,443.3559518039653,
017,348,3071,1206,453,0,1,0,0,204,2,78,35,0,721.0,185.5,351.5,3127.5,667.5088014401009,218.4959953866432,4.949747468305833,37.476659402887016,
017,348,3101,249,31,0,0,0,0,1,1,2,1,0,241.0,31.0,356.0,3101.0,0.0,0.0,0.0,0.0,
017,356,3101,241,31,0,0,0,0,0,0,2,1,0,0.0,0.0,0.0,0.0,0.0,0.0,0.0,0.0,
017,355,3154,1193,340,0,1,0,0,201,1,76,34,0,1193.0,340.0,355.0,3154.0,0.0,0.0,0.0,0.0,
017,355,3154,1193,340,0,1,0,0,200,1,76,34,0,1193.0,340.0,355.0,3154.0,0.0,0.0,0.0,0.0,
017,355,3154,1193,340,0,1,0,0,199,4,76,34,0,342.25,117.0,464.0,2790.75,567.2168162763395,151.6970665504116,711.2997492853019,400.6190002150838,
017,355,3154,1193,340,0,0,0,0,189,1,73,31,0,5113.0,340.0,355.0,3154.0,0.0,0.0,0.0,0.0,
017,355,3154,5113,340,0,0,0,0,188,16,73,31,0,170.4375,340.0,1633.125,3154.0,0.51234753829798,0.0,811.3363359298041,0.0,
017,866,3154,171,340,0,0,0,0,11,1,4,2,0,170.0,340.0,866.0,3154.0,0.0,0.0,0.0,0.0,
017,866,3154,170,340,0,0,0,0,10,2,4,2,0,170.0,170.0,866.0,3239.0,0.0,0.0,0.0,120.20815280171308,
017,866,3154,170,170,0,0,0,0,4,2,3,1,0,95.0,32.5,903.5,3229.5,72.12489168102785,16.263455967290593,36.062445840513924,41.71930009000631,
017,518,3609,66,46,0,0,0,0,0,0,0,0,0,0.0,0.0,0.0,0.0,0.0,0.0,0.0,0.0,
017,923,3609,56,49,0,0,0,0,0,0,0,0,0,0.0,0.0,0.0,0.0,0.0,0.0,0.0,0.0,
017,1325,3609,51,55,0,0,0,0,0,0,0,0,0,0.0,0.0,0.0,0.0,0.0,0.0,0.0,0.0,
018,921,408,20,20,0,0,0,0,1,1,1,1,0,6.0,6.0,928.0,419.0,0.0,0.0,0.0,0.0,
018,941,408,20,20,0,0,0,0,1,1,1,1,0,6.0,6.0,948.0,419.0,0.0,0.0,0.0,0.0,
018,961,408,20,20,0,0,0,0,1,1,1,1,0,10.0,10.0,966.0,417.0,0.0,0.0,0.0,0.0,
018,0,2444,351,93,0,0,0,0,1,1,9,1,0,0.0,0.0,0.0,2444.0,0.0,0.0,0.0,0.0,
018,0,2444,0,0,0,0,0,0,0,0,0,0,0,0.0,0.0,0.0,0.0,0.0,0.0,0.0,0.0,
018,0,2444,0,0,0,0,0,0,0,0,0,0,0,0.0,0.0,0.0,0.0,0.0,0.0,0.0,0.0,
018,0,2444,325,93,0,0,0,0,1,1,7,1,0,0.0,0.0,0.0,2444.0,0.0,0.0,0.0,0.0,
018,0,2444,0,0,0,0,0,0,0,0,0,0,0,0.0,0.0,0.0,0.0,0.0,0.0,0.0,0.0,
018,0,2444,0,0,0,0,0,0,0,0,0,0,0,0.0,0.0,0.0,0.0,0.0,0.0,0.0,0.0,
018,0,2444,209,110,0,0,0,0,1,1,9,1,0,0.0,0.0,0.0,2444.0,0.0,0.0,0.0,0.0,
018,0,2444,0,0,0,0,0,0,0,0,0,0,0,0.0,0.0,0.0,0.0,0.0,0.0,0.0,0.0,
018,0,2444,0,0,0,0,0,0,0,0,0,0,0,0.0,0.0,0.0,0.0,0.0,0.0,0.0,0.0,
018,0,2444,103,110,0,0,0,0,1,1,9,1,0,0.0,0.0,0.0,2444.0,0.0,0.0,0.0,0.0,
018,0,2444,0,0,0,0,0,0,0,0,0,0,0,0.0,0.0,0.0,0.0,0.0,0.0,0.0,0.0,
018,0,2444,0,0,0,0,0,0,0,0,0,0,0,0.0,0.0,0.0,0.0,0.0,0.0,0.0,0.0,
018,0,2444,356,93,0,0,0,0,1,1,8,1,0,0.0,0.0,0.0,2444.0,0.0,0.0,0.0,0.0,
018,0,2444,0,0,0,0,0,0,0,0,0,0,0,0.0,0.0,0.0,0.0,0.0,0.0,0.0,0.0,
018,0,2444,0,0,0,0,0,0,0,0,0,0,0,0.0,0.0,0.0,0.0,0.0,0.0,0.0,0.0,
018,0,2444,376,93,0,0,0,0,1,1,9,1,0,0.0,0.0,0.0,2444.0,0.0,0.0,0.0,0.0,
018,0,2444,0,0,0,0,0,0,0,0,0,0,0,0.0,0.0,0.0,0.0,0.0,0.0,0.0,0.0,
018,0,2444,0,0,0,0,0,0,0,0,0,0,0,0.0,0.0,0.0,0.0,0.0,0.0,0.0,0.0,
018,0,2444,209,110,0,0,0,0,1,1,9,1,0,0.0,0.0,0.0,2444.0,0.0,0.0,0.0,0.0,
018,0,2444,0,0,0,0,0,0,0,0,0,0,0,0.0,0.0,0.0,0.0,0.0,0.0,0.0,0.0,
018,0,2444,0,0,0,0,0,0,0,0,0,0,0,0.0,0.0,0.0,0.0,0.0,0.0,0.0,0.0,
018,0,2444,111,110,0,0,0,0,1,1,7,1,0,0.0,0.0,0.0,2444.0,0.0,0.0,0.0,0.0,
018,0,2444,0,0,0,0,0,0,0,0,0,0,0,0.0,0.0,0.0,0.0,0.0,0.0,0.0,0.0,
018,0,2444,0,0,0,0,0,0,0,0,0,0,0,0.0,0.0,0.0,0.0,0.0,0.0,0.0,0.0,
018,324,3292,64,64,0,0,0,0,0,0,0,0,0,0.0,0.0,0.0,0.0,0.0,0.0,0.0,0.0,
018,355,3154,170,340,0,0,0,0,11,1,7,2,0,170.0,340.0,355.0,3154.0,0.0,0.0,0.0,0.0,
018,355,3154,170,340,0,0,0,0,10,2,7,2,0,169.5,169.5,355.0,3239.0,0.7071067811865476,0.7071067811865476,0.0,120.20815280171308,
018,355,3324,170,170,0,0,0,0,4,2,3,1,0,95.0,43.0,392.5,3399.5,72.12489168102785,1.4142135623730951,36.062445840513924,41.71930009000631,
018,1514,3292,64,64,0,0,0,0,0,0,0,0,0,0.0,0.0,0.0,0.0,0.0,0.0,0.0,0.0,
019,921,408,20,20,0,0,0,0,1,1,1,1,0,6.0,6.0,928.0,419.0,0.0,0.0,0.0,0.0,
019,941,408,20,20,0,0,0,0,1,1,1,1,0,6.0,6.0,948.0,419.0,0.0,0.0,0.0,0.0,
019,961,408,20,20,0,0,0,0,1,1,1,1,0,10.0,10.0,966.0,417.0,0.0,0.0,0.0,0.0,
019,355,3154,170,170,0,0,0,0,4,2,4,1,0,95.0,43.0,392.5,3229.5,72.12489168102785,1.4142135623730951,36.062445840513924,41.71930009000631,
019,367,3259,146,42,0,0,0,0,0,0,4,1,0,0.0,0.0,0.0,0.0,0.0,0.0,0.0,0.0,
020,921,408,20,20,0,0,0,0,1,1,1,1,0,10.0,10.0,926.0,417.0,0.0,0.0,0.0,0.0,
020,961,408,20,20,0,0,0,0,1,1,1,1,0,6.0,6.0,968.0,419.0,0.0,0.0,0.0,0.0,
020,367,3429,146,42,0,0,0,0,0,0,3,1,0,0.0,0.0,0.0,0.0,0.0,0.0,0.0,0.0,
020,525,3154,171,340,0,0,0,0,11,1,7,2,0,170.0,340.0,525.0,3154.0,0.0,0.0,0.0,0.0,
020,525,3154,170,340,0,0,0,0,10,2,7,2,0,169.5,169.5,525.0,3239.0,0.7071067811865476,0.7071067811865476,0.0,120.20815280171308,
020,525,3324,170,170,0,0,0,0,4,2,3,1,0,95.0,43.0,563.0,3399.5,72.12489168102785,1.4142135623730951,36.76955262170047,41.71930009000631,
021,921,408,20,20,0,0,0,0,1,1,1,1,0,6.0,6.0,928.0,419.0,0.0,0.0,0.0,0.0,
021,941,408,20,20,0,0,0,0,1,1,1,1,0,6.0,6.0,948.0,419.0,0.0,0.0,0.0,0.0,
021,961,408,20,20,0,0,0,0,1,1,1,1,0,6.0,6.0,968.0,419.0,0.0,0.0,0.0,0.0,
021,525,3154,170,170,0,0,0,0,4,2,4,1,0,95.0,43.0,563.0,3229.5,72.12489168102785,1.4142135623730951,36.76955262170047,41.71930009000631,
021,537,3259,146,42,0,0,0,0,0,0,4,1,0,0.0,0.0,0.0,0.0,0.0,0.0,0.0,0.0,
022,921,408,20,20,0,0,0,0,1,1,1,1,0,6.0,6.0,928.0,419.0,0.0,0.0,0.0,0.0,
022,941,408,20,20,0,0,0,0,1,1,1,1,0,10.0,10.0,946.0,417.0,0.0,0.0,0.0,0.0,
022,537,3429,146,42,0,0,0,0,0,0,3,1,0,0.0,0.0,0.0,0.0,0.0,0.0,0.0,0.0,
022,696,3154,170,340,0,0,0,0,11,1,8,2,0,170.0,340.0,696.0,3154.0,0.0,0.0,0.0,0.0,
022,696,3154,170,340,0,0,0,0,10,2,8,2,0,169.5,169.5,696.0,3239.0,0.7071067811865476,0.7071067811865476,0.0,120.20815280171308,
022,696,3324,170,170,0,0,0,0,4,2,4,1,0,95.0,43.0,733.5,3399.5,72.12489168102785,1.4142135623730951,36.062445840513924,41.71930009000631,
023,941,408,20,20,0,0,0,0,1,1,1,1,0,6.0,6.0,948.0,419.0,0.0,0.0,0.0,0.0,
023,961,408,20,20,0,0,0,0,1,1,1,1,0,6.0,6.0,968.0,419.0,0.0,0.0,0.0,0.0,
023,696,3154,170,170,0,0,0,0,4,2,4,1,0,95.0,43.0,733.5,3229.5,72.12489168102785,1.4142135623730951,36.062445840513924,41.71930009000631,
023,708,3259,146,42,0,0,0,0,0,0,4,1,0,0.0,0.0,0.0,0.0,0.0,0.0,0.0,0.0,
024,921,408,20,20,0,0,0,0,1,1,1,1,0,6.0,6.0,928.0,419.0,0.0,0.0,0.0,0.0,
024,941,408,20,20,0,0,0,0,1,1,1,1,0,6.0,6.0,948.0,419.0,0.0,0.0,0.0,0.0,
024,961,408,20,20,0,0,0,0,1,1,1,1,0,10.0,10.0,966.0,417.0,0.0,0.0,0.0,0.0,
024,708,3429,146,42,0,0,0,0,0,0,4,1,0,0.0,0.0,0.0,0.0,0.0,0.0,0.0,0.0,
025,961,408,20,20,0,0,0,0,1,1,1,1,0,6.0,6.0,968.0,419.0,0.0,0.0,0.0,0.0,
025,878,3259,146,21,0,0,0,0,0,0,3,1,0,0.0,0.0,0.0,0.0,0.0,0.0,0.0,0.0,
026,921,408,20,20,0,0,0,0,1,1,1,1,0,6.0,6.0,928.0,419.0,0.0,0.0,0.0,0.0,
026,941,408,20,20,0,0,0,0,1,1,1,1,0,6.0,6.0,948.0,419.0,0.0,0.0,0.0,0.0,
026,961,408,20,20,0,0,0,0,1,1,1,1,0,8.0,8.0,968.0,418.0,0.0,0.0,0.0,0.0,
026,866,3324,170,170,0,0,0,0,4,2,1,1,0,95.0,32.5,903.5,3399.5,72.12489168102785,16.263455967290593,36.062445840513924,41.71930009000631,
026,878,3429,146,21,0,0,0,0,0,0,1,1,0,0.0,0.0,0.0,0.0,0.0,0.0,0.0,0.0,
026,1037,3154,170,340,0,0,0,0,11,1,7,2,0,170.0,340.0,1037.0,3154.0,0.0,0.0,0.0,0.0,
026,1037,3154,170,340,0,0,0,0,10,2,7,2,0,169.5,169.5,1037.0,3239.0,0.7071067811865476,0.7071067811865476,0.0,120.20815280171308,
026,1037,3324,170,170,0,0,0,0,4,2,3,1,0,95.0,32.5,1074.5,3399.5,72.12489168102785,16.263455967290593,36.062445840513924,41.71930009000631,
027,921,408,20,20,0,0,0,0,1,1,1,1,0,6.0,6.0,928.0,419.0,0.0,0.0,0.0,0.0,
027,941,408,20,20,0,0,0,0,1,1,1,1,0,10.0,10.0,946.0,417.0,0.0,0.0,0.0,0.0,
027,961,408,20,20,0,0,0,0,1,1,1,1,0,6.0,6.0,968.0,419.0,0.0,0.0,0.0,0.0,
027,1037,3154,170,170,0,0,0,0,4,2,4,1,0,95.0,43.0,1074.5,3229.5,72.12489168102785,1.4142135623730951,36.062445840513924,41.71930009000631,
027,1049,3259,146,42,0,0,0,0,0,0,4,1,0,0.0,0.0,0.0,0.0,0.0,0.0,0.0,0.0,
028,941,408,20,20,0,0,0,0,1,1,1,1,0,6.0,6.0,948.0,419.0,0.0,0.0,0.0,0.0,
028,961,408,20,20,0,0,0,0,1,1,1,1,0,6.0,6.0,968.0,419.0,0.0,0.0,0.0,0.0,
028,1049,3429,146,21,0,0,0,0,0,0,3,1,0,0.0,0.0,0.0,0.0,0.0,0.0,0.0,0.0,
028,1207,3154,171,340,0,0,0,0,11,1,4,2,0,170.0,340.0,1207.0,3154.0,0.0,0.0,0.0,0.0,
028,1207,3154,170,340,0,0,0,0,10,2,4,2,0,169.5,169.5,1207.0,3239.0,0.7071067811865476,0.7071067811865476,0.0,120.20815280171308,
028,1207,3324,170,170,0,0,0,0,4,2,1,1,0,95.0,32.5,1244.5,3399.5,72.12489168102785,16.263455967290593,36.062445840513924,41.71930009000631,
029,921,408,20,20,0,0,0,0,1,1,1,1,0,6.0,6.0,928.0,419.0,0.0,0.0,0.0,0.0,
029,941,408,20,20,0,0,0,0,1,1,1,1,0,6.0,6.0,948.0,419.0,0.0,0.0,0.0,0.0,
029,961,408,20,20,0,0,0,0,1,1,1,1,0,10.0,10.0,966.0,417.0,0.0,0.0,0.0,0.0,
029,1207,3154,170,170,0,0,0,0,4,2,3,1,0,95.0,43.0,1244.5,3229.5,72.12489168102785,1.4142135623730951,36.062445840513924,41.71930009000631,
029,1219,3259,146,42,0,0,0,0,0,0,3,1,0,0.0,0.0,0.0,0.0,0.0,0.0,0.0,0.0,
030,921,408,20,20,0,0,0,0,1,1,1,1,0,6.0,6.0,928.0,419.0,0.0,0.0,0.0,0.0,
030,941,408,20,20,0,0,0,0,1,1,1,1,0,6.0,6.0,948.0,419.0,0.0,0.0,0.0,0.0,
030,961,408,20,20,0,0,0,0,1,1,1,1,0,10.0,10.0,966.0,417.0,0.0,0.0,0.0,0.0,
030,1219,3429,146,21,0,0,0,0,0,0,1,1,0,0.0,0.0,0.0,0.0,0.0,0.0,0.0,0.0,
030,1378,3154,170,340,0,0,0,0,11,1,2,2,0,170.0,340.0,1378.0,3154.0,0.0,0.0,0.0,0.0,
030,1378,3154,170,340,0,0,0,0,10,2,2,2,0,169.5,169.5,1378.0,3239.0,0.7071067811865476,0.7071067811865476,0.0,120.20815280171308,
030,1378,3154,170,170,0,0,0,0,4,2,1,1,0,95.0,32.5,1415.5,3229.5,72.12489168102785,16.263455967290593,36.062445840513924,41.71930009000631,
030,1390,3259,146,21,0,0,0,0,0,0,1,1,0,0.0,0.0,0.0,0.0,0.0,0.0,0.0,0.0,
030,1378,3324,169,169,0,0,0,0,4,2,1,1,0,95.0,32.5,1415.5,3399.5,72.12489168102785,16.263455967290593,36.062445840513924,41.71930009000631,
031,921,408,20,20,0,0,0,0,1,1,1,1,0,6.0,6.0,928.0,419.0,0.0,0.0,0.0,0.0,
031,941,408,20,20,0,0,0,0,1,1,1,1,0,6.0,6.0,948.0,419.0,0.0,0.0,0.0,0.0,
031,961,408,20,20,0,0,0,0,1,1,1,1,0,6.0,6.0,968.0,419.0,0.0,0.0,0.0,0.0,
031,1221,3429,146,21,0,0,0,0,0,0,1,1,0,0.0,0.0,0.0,0.0,0.0,0.0,0.0,0.0,
031,1379,3154,170,340,0,0,0,0,11,1,6,2,0,170.0,340.0,1379.0,3154.0,0.0,0.0,0.0,0.0,
031,1379,3154,170,340,0,0,0,0,10,2,6,2,0,169.5,169.5,1379.0,3239.0,0.7071067811865476,0.7071067811865476,0.0,120.20815280171308,
031,1379,3154,170,170,0,0,0,0,4,2,3,1,0,95.0,32.5,1416.5,3229.5,72.12489168102785,16.263455967290593,36.062445840513924,41.71930009000631,
031,1391,3259,146,21,0,0,0,0,0,0,3,1,0,0.0,0.0,0.0,0.0,0.0,0.0,0.0,0.0,
031,1379,3324,169,169,0,0,0,0,4,2,3,1,0,95.0,43.0,1416.5,3399.5,72.12489168102785,1.4142135623730951,36.062445840513924,41.71930009000631,
032,921,408,20,20,0,0,0,0,1,1,1,1,0,6.0,6.0,928.0,419.0,0.0,0.0,0.0,0.0,
032,941,408,20,20,0,0,0,0,1,1,1,1,0,10.0,10.0,946.0,417.0,0.0,0.0,0.0,0.0,
032,1391,3429,146,42,0,0,0,0,0,0,3,1,0,0.0,0.0,0.0,0.0,0.0,0.0,0.0,0.0,
033,941,408,20,20,0,0,0,0,1,1,1,1,0,6.0,6.0,948.0,419.0,0.0,0.0,0.0,0.0,
033,961,408,20,20,0,0,0,0,1,1,1,1,0,10.0,10.0,966.0,417.0,0.0,0.0,0.0,0.0,
033,1501,3121,48,0,0,0,0,0,6,3,3,3,0,16.0,20.0,1517.0,3121.0,0.0,0.0,16.0,0.0,
033,1501,3121,16,20,0,0,0,0,1,1,1,1,0,8.0,8.0,1505.0,3131.0,0.0,0.0,0.0,0.0,
033,1505,3131,8,8,0,0,0,0,0,0,1,1,0,0.0,0.0,0.0,0.0,0.0,0.0,0.0,0.0,
034,921,408,20,20,0,0,0,0,1,1,1,1,0,10.0,10.0,926.0,417.0,0.0,0.0,0.0,0.0,
034,941,408,20,20,0,0,0,0,1,1,1,1,0,6.0,6.0,948.0,419.0,0.0,0.0,0.0,0.0,
034,961,408,20,20,0,0,0,0,1,1,1,1,0,6.0,6.0,968.0,419.0,0.0,0.0,0.0,0.0,
034,1517,3121,16,20,0,0,0,0,1,1,1,1,0,4.0,4.0,1523.0,3133.0,0.0,0.0,0.0,0.0,
034,1523,3133,4,4,0,0,0,0,0,0,1,1,0,0.0,0.0,0.0,0.0,0.0,0.0,0.0,0.0,
034,1533,3121,16,20,0,0,0,0,1,1,1,1,0,4.0,4.0,1539.0,3133.0,0.0,0.0,0.0,0.0,
034,1539,3133,4,4,0,0,0,0,0,0,1,1,0,0.0,0.0,0.0,0.0,0.0,0.0,0.0,0.0,
034,0,3544,1903,300,0,0,0,0,19,1,88,9,0,1200.0,60.0,351.0,3544.0,0.0,0.0,0.0,0.0,
034,351,3544,1200,60,0,0,0,0,18,3,88,9,0,400.0,257.3333333333333,751.0,3574.0,0.0,14.189197769195175,400.0,0.0,
034,351,3574,400,270,0,0,0,0,5,4,29,3,0,282.0,46.25,410.0,3708.25,56.0,17.519037264263886,28.0,83.31616489813567,
034,396,3609,310,55,0,0,0,0,1,1,0,0,0,66.0,46.0,518.0,3609.0,0.0,0.0,0.0,0.0,
034,518,3609,66,46,0,0,0,0,0,0,0,0,0,0.0,0.0,0.0,0.0,0.0,0.0,0.0,0.0,
034,396,3680,310,56,0,0,0,0,0,0,7,1,0,0.0,0.0,0.0,0.0,0.0,0.0,0.0,0.0,
034,396,3740,310,54,0,0,0,0,0,0,17,1,0,0.0,0.0,0.0,0.0,0.0,0.0,0.0,0.0,
034,452,3804,198,20,0,0,0,0,0,0,5,1,0,0.0,0.0,0.0,0.0,0.0,0.0,0.0,0.0,
034,751,3574,400,242,0,0,0,0,5,4,28,3,0,281.5,39.25,810.25,3694.25,57.0,17.914147109663542,28.5,69.44722216666888,
034,796,3609,310,55,0,0,0,0,1,1,0,0,0,56.0,49.0,923.0,3609.0,0.0,0.0,0.0,0.0,
034,923,3609,56,49,0,0,0,0,0,0,0,0,0,0.0,0.0,0.0,0.0,0.0,0.0,0.0,0.0,
034,796,3680,310,28,0,0,0,0,0,0,7,1,0,0.0,0.0,0.0,0.0,0.0,0.0,0.0,0.0,
034,796,3712,310,54,0,0,0,0,0,0,16,1,0,0.0,0.0,0.0,0.0,0.0,0.0,0.0,0.0,
034,853,3776,196,20,0,0,0,0,0,0,5,1,0,0.0,0.0,0.0,0.0,0.0,0.0,0.0,0.0,
034,1151,3574,400,260,0,0,0,0,5,4,31,3,0,265.0,43.75,1218.5,3698.75,90.0,24.060687161148714,45.0,76.71321050944658,
034,1196,3609,310,55,0,0,0,0,1,1,0,0,0,51.0,55.0,1325.0,3609.0,0.0,0.0,0.0,0.0,
034,1325,3609,51,55,0,0,0,0,0,0,0,0,0,0.0,0.0,0.0,0.0,0.0,0.0,0.0,0.0,
034,1196,3680,310,28,0,0,0,0,0,0,5,1,0,0.0,0.0,0.0,0.0,0.0,0.0,0.0,0.0,
034,1196,3712,310,72,0,0,0,0,0,0,23,1,0,0.0,0.0,0.0,0.0,0.0,0.0,0.0,0.0,
034,1286,3794,130,20,0,0,0,0,0,0,3,1,0,0.0,0.0,0.0,0.0,0.0,0.0,0.0,0.0,
034,0,3908,1903,0,0,1,0,0,63,2,48,27,0,1030.5,16.0,436.0,3892.5,1233.9013331705255,22.627416997969522,616.5971131946694,21.920310216782973,
034,872,3877,158,32,0,0,0,0,1,1,3,1,0,11.0,16.0,998.0,3887.0,0.0,0.0,0.0,0.0,
035,921,408,20,20,0,0,0,0,1,1,1,1,0,6.0,6.0,928.0,419.0,0.0,0.0,0.0,0.0,
035,941,408,20,20,0,0,0,0,1,1,1,1,0,6.0,6.0,948.0,419.0,0.0,0.0,0.0,0.0,
035,961,408,20,20,0,0,0,0,1,1,1,1,0,6.0,6.0,968.0,419.0,0.0,0.0,0.0,0.0,
035,998,3887,11,16,0,0,0,0,0,0,0,0,0,0.0,0.0,0.0,0.0,0.0,0.0,0.0,0.0,
035,0,3908,1903,90,0,0,0,0,29,2,62,19,0,948.5,51.0,175.5,3413.5,355.6747109368334,53.74011537017761,248.19448019647817,700.7428201558686,
035,351,3909,1200,89,0,0,0,0,16,3,45,9,0,451.6666666666667,59.666666666666664,541.3333333333334,3589.3333333333335,393.38573097321836,4.618802153517007,650.5246600501271,581.3917210739531,
035,361,3925,902,57,0,0,0,0,8,2,34,6,0,902.0,27.5,361.0,3946.0,0.0,17.67766952966369,0.0,29.698484809834994,
035,361,3925,902,40,0,0,0,0,6,2,13,5,0,341.5,15.0,361.0,3935.0,154.8563850798539,2.8284271247461903,0.0,14.142135623730951,
